Title_Tor;Title_Chrome
What Makes Danish Architecture Unique? - Unmapping Scandinavia;Questioning World Architecture: Denmark
The Architect's Guide to Copenhagen – Sofie Lund Michaelsen ;Copenhagen Architecture Spanning Centuries
Copenhagen - The world's greenest capital city | DW Documentary;The Architect's Guide to Copenhagen – Sofie Lund Michaelsen
Danish Modern Architecture Tour;Why Copenhagen is Extremely Well Designed
The Future Danish Parliament [ Architecture ];Wonders of Denmark | Best Places to Visit in Denmark | Travel Documentary 4K
Wonders of Denmark | Best Places to Visit in Denmark | Travel Documentary 4K;Copenhagen - The world’s greenest capital city? | DW Documentary
4K Copenhagen Architecture Biennial 2025: Slow Down;Inside a Danish Architect's Mid-Century House | Timeless Nordic Design on a London Terrace
Exploring Copenhagen's Danish Architecture Centre: A Walk Through History and Design;Healing Architecture from Denmark
Crash course on Denmark: People, Historical Landmarks and Architecture@anhubmetaverse2457;3 days in Copenhagen | Flea markets, nordic interiors & modern art | Exploring my favorite things
Danish Summerhouse: Architecture in Harmony with Nature | ARCHITECTURE HUNTER;Geography Now! Denmark
Dr Walter Pelka on Danish architecture and sustainability;I'm Much Happier Living In Copenhagen Than In The U.S. - Look Inside My Home | Unlocked
Denmark's Pavilion at Venice Architecture Biennale 2025 | A Conversation with Curator S?ren Pihlmann;Is This Europe's Best Designed Neighborhood?
How Does Danish Architecture Influence Other Countries? - Unmapping Scandinavia;Denmark Travel Guide 2025 | Hidden Gems, Fairytale Cities & Breathtaking Scandinavian Beauty
Wonders of DENMARK | This is what it's like to LIVE in Denmark | The HAPPIEST PLACES in the world 4K;What Is Danish Design? Exploring The Ingenuity Of Design In Denmark | America By Design
Copenhagen UNESCO Capital of Architecture;Inside a Nordic Barnhouse in Denmark's Scenic Landscape
What Is Danish Design? Exploring The Ingenuity Of Design In Denmark | America By Design;Inside A Sustainable Power Plant With A Ski Slope On Its Roof | Unique Spaces | Architectural Digest
Copenhagen is for you... | UNESCO-UIA World Capital of Architecture 2023;Danish Summerhouse: Architecture in Harmony with Nature | ARCHITECTURE HUNTER
Best Architecture COPENHAGEN Denmark;Design and Architecture Copenhagen, Denmark 2021
COPENHAGEN, DENMARK 4K – Unveiling Historic Canals, Modern Architecture & Bicycle Culture;In Loco With SPOL Architects: House in Denmark (interview) | ARCHITECTURE HUNTER
Design and Architecture Copenhagen, Denmark 2021;Design Museum Denmark - Copenhagen
All about Blox and the Danish Architecture Centre (DAC), Copenhagen;Exploring Copenhagen's Danish Architecture Centre: A Walk Through History and Design
Inside a Danish Architect's Mid-Century House | Timeless Nordic Design on a London Terrace;How to Immigrate and Become an Architect in Denmark? Process & Requirements
Denmark | Aarhus - Arts and Architecture;The Panorama of CPH House: Architectural Tour House In Denmark | ARCHITECTURE HUNTER
Inside Danish Architecture: Kanonhuset by Entasis;Best Architecture COPENHAGEN Denmark
Inside Danish Architecture: Kannikeg?rden by Lundgaard & Tranberg Architects;DENMARK DAYS | week in my life as an architecture student | its tough
Inside a Nordic Barnhouse in Denmark's Scenic Landscape;Introduction: The Ultimate Insight Into Danish Design Culture in Copenhagen
Denmark: A Journey Through Time, Design, and Sustainability ;The artistry of Danish design (1961 documentary)
Copenhagen - The world's greenest capital city | DW Documentary;Danish design and the future
Host conferences, meetings and events in Danish Architecture Center;Denmark's Pavilion at Venice Architecture Biennale 2025 | A Conversation with Curator S?ren Pihlmann
Architecture History: Paint and Color in Denmark;Cosy Homes: Hellerup Estate, Denmark
The Panorama of CPH House: Architectural Tour House In Denmark | ARCHITECTURE HUNTER;All about Blox and the Danish Architecture Centre (DAC), Copenhagen
TOP 5 CRAZY APARTMENT BUILDINGS IN COPENHAGEN: Explore the architecture of BIG Builds, MVRDV & more ;SCANDINAVIAN DESIGNERS & ARCHITECTS YOU SHOULD KNOW | The GOAT of Danish design Arne Jacobsen
Why I moved OUT of Denmark - 3 things they don't tell you! ;Danish Mid-Century Design Classics YOU NEED TO KNOW!
Copenhagen Architecture Tour with Aashna | The Circle Bridge, Tietgen Kollegium, 8 House and more!;Wulff - Relax in Danish design history
Where Can You See Examples Of Danish Architecture? - Unmapping Scandinavia;Danish Modern Architecture Tour
Inside A Sustainable Power Plant With A Ski Slope On Its Roof | Unique Spaces | Architectural Digest;Doing Things In Denmark: The DAC (Danish Architecture Center)
How Does Climate Affect Danish Architecture? - Unmapping Scandinavia;Denmark | Aarhus - Arts and Architecture
Questioning World Architecture: Denmark;Inside Danish Architecture: Kannikeg?rden by Lundgaard & Tranberg Architects
What Is The History Of Danish Architecture? - Unmapping Scandinavia;Architecture History: Paint and Color in Denmark
In Loco With SPOL Architects: House in Denmark (interview) | ARCHITECTURE HUNTER;What Is Contemporary Danish Modern Architecture? - Unmapping Scandinavia
Alcatraz Island History: From Fortress to Federal Prison;What It Was Like To Be An Inmate At Alcatraz
The Alcatraz Escape: Boldest Prison Break in U.S. History | History's Greatest Mysteries (S5);The Alcatraz Escape: Boldest Prison Break in U.S. History | History's Greatest Mysteries (S5)
HISTORY OF | History of Alcatraz;HISTORY OF | History of Alcatraz
Escape from Alcatraz | America's Toughest Prison #history;Inside Alcatraz The Future Mega Prison of America
History of Alcatraz - The Prison No One Escaped?;Drain Alcatraz: The World's Most Notorious Prison (Full Episode) | Drain the Oceans SPECIAL
Inside Alcatraz The Future Mega Prison of America;How Alcatraz Has Changed Throughout History
Alcatraz Prison Inmates: Life Behind Bars;The World's Highest Security Prison: CECOT (The most evil are kept here)
Alcatraz Federal Penitentiary Prison life and the cells B Block;Scientists Finally Solved The Alcatraz Escape Mystery In 2025
The History of Alcatraz Prison;Prisoner Who Escaped From Alcatraz Sends Letter To The FBI 50 Years Later
The Untold Story Of Alcatraz - California;Why Alcatraz HAD to be Closed?
Alcatraz Federal Penitentiary History Escape attempts Escape from Alcatraz;Alcatraz Island Complete Guide - Taking the Boat & Touring the Infamous Jail
History for Fools Podcast - EP 69 - The History of Alcatraz Island Federal Penitentiary;Alcatraz Escape Mystery FINALLY Solved in 2025! Investigation Update!
Alcatraz Federal Penitentiary Administration;Alcatraz Prison Inmates: Life Behind Bars
How Alcatraz Has Changed Throughout History;Alcatraz - A Brief History
Why Alcatraz HAD to be Closed?;The Incredible Alcatraz Prison Break
Alcatraz Escape Mystery FINALLY Solved in 2025! Investigation Update!;What It Was Like To Be A Prison Guard at Alcatraz
Alcatraz Federal Penitentiary History Early history;How Alcatraz Military Fort became America's Worst Prison
Alcatraz: America’s Most Infamous Prison;Alcatraz Island History: From Fortress to Federal Prison
Alcatraz Prison's OPENING Day! | Today in History (1934);The History Of Alcatraz Island | Past Pass
Alcatraz Federal Penitentiary Prison life and the cells Corridors;Alcatraz Escape Documentary: The Overlooked Evidence
Explore Legendary Alcatraz: History & Mystery of America's Notorious Prison & 'The Rock' Movie Set;The Alcatraz Escape Story (Documentary Film)
Alcatraz - A Brief History;The History of Alcatraz Prison
The Mystery of ALCATRAZ: History’s Greatest PRISON;Alcatraz Federal Penitentiary One of toughest Prison | Alcatraz Prison | @The.World.Revolution
Alcatraz Federal Penitentiary Prison life and the cells Dining ;Alcatraz Prison History: Watch our Alcatraz biography with fun facts & famous inmates
Alcatraz Prison History: Watch our Alcatraz biography with fun facts & famous inmates;Inside Alcatraz Prison: ???? America’s ‘Kala Pani’ ??
The History Of Alcatraz Island | Past Pass;Alcatraz Federal Penitentiary History Early history
Escaping Alcatraz: The Full History - Prison Breaks From America's Toughest Federal Prison;Why Did Alcatraz Close Down As A Federal Penitentiary? - Jail & Prison Insider
Drain Alcatraz: The World's Most Notorious Prison (Full Episode) | Drain the Oceans SPECIAL;Former Alcatraz Prisoner Returns to Reunite With Ex-Guards
Alcatraz Federal Penitentiary History Escape attempts Battle of Alcatraz;Alcatraz Federal Penitentiary: Escapes Myths and Reality
Alcatraz Federal Penitentiary History Final years;Alcatraz Federal Penitentiary: The Notorious Prison Opens Its Doors
Alcatraz Federal Penitentiary One of toughest Prison | Alcatraz Prison | @The.World.Revolution;Alcatraz Federal Penitentiary History Escape attempts Battle of Alcatraz
https://www.youtube.com/watch?v=H42zWaD4A4s&pp=ygUlQWxjYXRyYXogRmVkZXJhbCBQZW5pdGVudGlhcnkgaGlzdG9yeQ%3D%3D;Alcatraz Federal Penitentiary Alcatraz Federal Penitentiary
Alcatraz Island Complete Guide - Taking the Boat & Touring the Infamous Jail;Alcatraz Federal Penitentiary: The Untold Story of America’s Most Notorious Prison
Alcatraz Federal Penitentiary: Escapes Myths and Reality;Alcatraz Federal Penitentiary History Escape attempts
Why Did Alcatraz Close Down As A Federal Penitentiary? - Jail & Prison Insider;Alcatraz Federal Penitentiary Other buildings New Industries Building
Alcatraz Opens as a Federal Prison - August 11th, 1934 (On This Day in History);Alcatraz Federal Penitentiary Prison life and the cells B Block
Alcatraz Island: Secrets of America’s Most Infamous Prison | History, Escapes, & Hidden Stories;Alcatraz Federal Penitentiary Administration
What It Was Like To Be An Inmate At Alcatraz;ALCATRAZ Prison - The True History Behind the Stories
Alcatraz Federal Penitentiary – The Rock’s Dark Secrets, Escape Attempts & Infamous Inmates;Why You Wouldn't Survive Alcatraz Prison
How Alcatraz Military Fort became America's Worst Prison ;Alcatraz: America’s Most Infamous Prison
Borkenkäfer - Tank Review - World of Tanks;European Bark Beetle Apocalypse Explained
The Spruce Bark Beetle;The Spruce Bark Beetle
European spruce bark beetle | The PATA Group;European spruce bark beetle | The PATA Group
Processing a Beetle-Killed Spruce Tree;Calls to suspend Scottish log imports over spruce bark beetle concerns
Bark Beetles;Wikipedia Picture of the Day: 2024-11-10 - European spruce bark beetle (Narrated by Emma)
Bark Beetle;Bark Beetle
Spruce Bark Beetles - Preventive Tree Care;PineBark Beetle
Bark Beetle in Utah - The County Seat Episode 22 Seg1;Sounds of Pine Bark Beetle
Push-and-pull applications against the European spruce bark beetle in the eastern Italian Alps;Spruce bark beetle in Kluane National Park and Reserve
Calls to suspend Scottish log imports over spruce bark beetle concerns;This is what Alaskan Spruce Bark Beetle look like- tiny killers.
Researchers are studying a link between climate change and spruce beetle outbreaks;Spruce Bark Beetles - Preventive Tree Care
Spruce Bark Beetle Fire Hazards;"Detectability of European Spruce Bark Beetle Green Attack in Multispectral Drone Images; RESDiNET"
Bark beetle Ips typographus is Widely Spread in Ukraine, #Entomologist Ukraine #entomology #insects;Spruce Bark Beetle damage on PEI. #tree #sprucebarkbeetle #peitreegeek #whitespruce
Spruce Bark Beetle damage on PEI. #tree #sprucebarkbeetle #peitreegeek #whitespruce;Ips typographus: beat the beetle
Wikipedia Picture of the Day: 2024-11-10 - European spruce bark beetle (Narrated by Emma);Borkenkäfer - Tank Review - World of Tanks
2025 Barkbeetle update from the north of Sweden;Spruce bark beetle problem - how to fight it
Bark Beetles Devastating Old Red Spruce;Push-and-pull applications against the European spruce bark beetle in the eastern Italian Alps
Ips typographus: beat the beetle;Bark beetles devastating European forest
Anchorage Parks and Recreation continue spruce bark beetle mitigation efforts;Bark beetle research - Prof. Dr. Peter Biedermann
Converting Beetle-Killed Trees Into Renewable Energy;Spruce Bark Beetle
The impact of the cold on bark beetles;Spruce Beetle Outbreak Grows in Alaska
Spruce bark beetle in Kluane National Park and Reserve;New research focuses on smells to keep spruce bark beetles away
Spruce Beetles: What They Are and What To Do About Them;Need help finding the Spruce Bark Beetle in your forest?We have a solution you have not tried before
ALASKA BARK BEETLE.mov;Spruce Bark Beetles in Alaska
New research focuses on smells to keep spruce bark beetles away;Spruce Bark Beetle Fire Hazards
A Beetle!;Bark Beetles Devastating Old Red Spruce
Spruce bark beetle problem - how to fight it;EECO 586, Boreal Forest and the Spruce Bark Beetle
This is what Alaskan Spruce Bark Beetle look like- tiny killers.;bark beetle, Ips typographus, face close up
Long Hot Summers Fueling Bark Beetle Infestation ;Spruce Beetles: What They Are and What To Do About Them
Bark beetle research - Prof. Dr. Peter Biedermann;Bark Beetles
"Detectability of European Spruce Bark Beetle Green Attack in Multispectral Drone Images; RESDiNET";Evaluating a Beetle-Killed Spruce Tree
How to diagnose Douglas fir Bark Beetle;Bark Beetles Part 1 Intro
Spruce Beetles: What They Are and What To Do About Them;Researchers are studying a link between climate change and spruce beetle outbreaks
Need help finding the Spruce Bark Beetle in your forest?We have a solution you have not tried before;Processing a Beetle-Killed Spruce Tree
EECO 586, Boreal Forest and the Spruce Bark Beetle;Lessons from the Big Reed Old-growth Forest - I. Spruce bark beetle damage to old-growth red spruce
Bark Beetles Part 1 Intro;Anchorage Parks and Recreation continue spruce bark beetle mitigation efforts
Lessons from the Big Reed Old-growth Forest - I. Spruce bark beetle damage to old-growth red spruce;Bark Beetle in Utah - The County Seat Episode 22 Seg1
European Bark Beetle Apocalypse Explained;Long Hot Summers Fueling Bark Beetle Infestation
Spruce Beetle Outbreak Grows in Alaska;The impact of the cold on bark beetles
Bark beetles devastating European forest;Spruce Beetle The Most Damaging Forest Pest In Colorado For 9th Consecutive Year
The TRAGIC Truth About The History Of Burger King;How Burger King Started | The Story Of Burger King
The History of Burger King | Burger Wars Explained;The History of Burger King | Burger Wars Explained
Homeless with $11: The Tragic Story of Burger King;Homeless with $11: The Tragic Story of Burger King
The History of Burger King - From ICONIC To 400+ Closed Restaurants In 2023;The Flame-Broiled History of the Whopper
Ronald McDonald vs The Burger King - Flash In the Pan Hip Hop Conflicts of Nowadays - ERB 2;The Untold TRUTH of Burger King
The History of Burger King.;Burger King History
How KFC Was Made from a Gas Station Chicken Recipe;The History of Burger King.
The History Of The ‘Burger War’ Between McDonalds & Burger King;The official rebrand introduction video for Burger King
The Biggest Flops In Burger King History;Burger King Have it Your Way 1974 Commercial
The Flame-Broiled History of the Whopper;McDonald's vs. Burger King: Breaking Down The Burger Wars | Company Rivalries | Forbes
How Burger King Lost to Wendy’s;Burger King Documentary
Burger King Unwrapped: The History You Weren't Told!;The Obscure Lore Of Burger King
The History of Burger King Television-Home Video Logos (1966 ;The TRAGIC Truth About The History Of Burger King
The Downfall of The Burger King Kingdom;The Downfall of The Burger King Kingdom
The Homeless Man Who Created Domino's with His Last $15 ;It's Not Just You. Nobody Likes Burger King Anymore.
Burger King historical logos;How Burger King Went From a Whopper Burger To Multibillion-Dollar Franchise
evolution of burger king (1953-2023) #whopper #burgerking #logohistory;The Flame-Broiled Fall of Burger King
I Visit The Last Original Burger King Left On Earth To Discuss The History Of BK!;Burger King historical logos
The Strange History of Burger King Mascots;The History of Burger King Foot Lettuce (ft. Chills)
Burger King Logo/Commercial History;Ronald McDonald vs The Burger King. Epic Rap Battles of History
Burger Wars History: McDonalds vs Burger King #burgerwars #mcdonaldsvsburgerking;The History Of The ‘Burger War’ Between McDonalds & Burger King
The Obscure Lore Of Burger King;The Biggest Flops In Burger King History
Burger King Logo/Commercial History (#167) ;The Strange History of Burger King Mascots
The Complete History of Burger King: From Insta-Burger King to Global Fast-Food Giant;I Visit The Last Original Burger King Left On Earth To Discuss The History Of BK!
The History of Burger King Foot Lettuce (ft. Chills);The Rise and Fall of the Dollar Menu
Burger King History;evolution of burger king (1953-2023) #whopper #burgerking #logohistory
Food Theory: Burger King is the WORST Burger in America! ;Burger King Unwrapped: The History You Weren't Told!
The Untold TRUTH of Burger King;Ronald McDonald vs The Burger King - Flash In the Pan Hip Hop Conflicts of Nowadays - ERB 2
Burger King vs. Mcdonald's - Patty Rivalry;Can Burger King Make A Comeback?
Ronald McDonald vs The Burger King. Epic Rap Battles of History ;Logo History: Burger King
The Flame-Broiled Fall of Burger King;How Burger King Lost to Wendy’s
It's Not Just You. Nobody Likes Burger King Anymore.;The Complete History of Chef Kush: From Burger King to Michelin Stars and Super Yachts!
I Ate 100 Years Of McDonald's;The History of the Burger King - Brand Management
The Rise and Fall of the Dollar Menu;The History of Burger King Television-Home Video Logos (1966
The Complete History of Chef Kush: From Burger King to Michelin Stars and Super Yachts!;Burger Wars History: McDonalds vs Burger King #burgerwars #mcdonaldsvsburgerking
The Wild & Insane History of Burger King ;Burger King Logo/Commercial History (#167)
Can Burger King Make A Comeback?;Burger King Logo/Commercial History
How Burger King Started | The Story Of Burger King;Top 10 Biggest FLOPS In Burger King History (Part 2)
Burger King vs. McDonald's;The History of Burger King ????
How Burger King Went From a Whopper Burger To Multibillion-Dollar Franchise;The Fascinating History of Burger King: From Insta-Burger King to Global Fast-Food Giant! ????
What Would Your Life (And Death) Be Like In Ancient Egypt? | In The Valley Of The Kings | Odyssey;Valley of the Kings, Egypt Explained
Valley of the Kings: Discovering the Treasures of the Pharaohs | Egypt Travel Guide;Valley of the Kings: Discovering the Treasures of the Pharaohs | Egypt Travel Guide
Ancient Egypt Life and Death in the Valley of the Kings 1 of 2 ;The History Of Egypt's Valley Of The Kings Explained
Tutankhamun: The Greatest Archaeological Discovery of All Time;Ancient Egypt Life and Death in the Valley of the Kings 1 of 2
Secrets of the Pharaohs | Lost Treasures of Egypt | MEGA EPISODE | National Geographic;The Ordinary Life Of Ancient Egyptians | Life And Death In The Valley Of The Kings | All Out History
The Ordinary Life Of Ancient Egyptians | Life And Death In The Valley Of The Kings | All Out History;Valley of the Kings | Ancient Egypt | History Made Easy
A Day In The Life Of A Normal Person In Ancient Egypt | Life And Death In The Valley Of The Kings;Treasures of the Valley of the Kings | Egypt Documentary 4k
TRUE Ghost Stories - Egypt’s Valley Of The Kings;Ramesses the Great – Legendary Pharaoh of Ancient Egypt Documentary
Ancient Egyptian Music - Valley of the Kings;Ancient Monuments of Egypt [Amazing Places 4K]
How The Valley Of The Kings Was Built;Inside Valley of the Kings Tombs of Ramses IV, Ramses VI, Ramses IX, Tutankhamun and Merenptah
Tutankhamun's Treasures (Full Episode) | Lost Treasures of Egypt;Ancient Egyptian Music - Valley of the Kings
Ancient Egypt 10: Valley of the Kings - Luxor, Egypt;A Day In The Life Of A Normal Person In Ancient Egypt | Life And Death In The Valley Of The Kings
Epic Symphonic Ancient Egyptian Music - Valley of the Kings (W?d? Al-Mul?k);What Would Your Life (And Death) Be Like In Ancient Egypt? | In The Valley Of The Kings | Odyssey
Amenhotep III: Was This Man Egypt's Greatest Pharaoh? | Immortal Egypt | Timeline;How The Valley Of The Kings Was Built
The Lost City That Predates the Pyramids by 10,000 Years;Epic Symphonic Ancient Egyptian Music - Valley of the Kings (W?d? Al-Mul?k)
What If the Great Pyramid Was Built Long Before the Egyptians? | History for Sleep;Egypt's Ancient Empire | Egypt From Above (Full Episode) The Nile River
Inside The Tombs Of Egyptian Pharaohs - All You Need To Know About Valley Of The Kings, Egypt ????;Ancient Egypt 101 | National Geographic
Luxor, the Valleys of the Kings, Queens, and Nobles;Ancient Egypt: Life & Death in the Valley of the Kings: Life
The Greatest Pharaohs — Ancient Egypt Documentary by The History Channel;Luxor, the Valleys of the Kings, Queens, and Nobles
The Valley of Kings of Ancient Egypt;Amenhotep III: Was This Man Egypt's Greatest Pharaoh? | Immortal Egypt | Timeline
Ancient Aliens: The Great Egyptian Pharaohs and Gods;THE VALLEY OF THE KINGS - INSIDE THE 19TH DYNASTY PHARAOHS TOMBS! LUXOR EGYPT
Ancient Egypt's Royal Secrets Revealed | Lost Treasures of Egypt | MEGA EPISODE | Nat Geo;Valley Of The Kings | Inside Lesser-Known Tombs: Pharaohs And Egyptian Beliefs
Top 10 Treasures Of Egypt | History Documentary | Channel 5 #AncientHistory;How Did Ancient Egyptians Prepare For Death? | Life And Death In The Valley Of The Kings | Odyssey
Explaining Advanced Ancient Egyptian Technologies | Ancient Aliens | Marathon;Inside The Tombs Of Egyptian Pharaohs - All You Need To Know About Valley Of The Kings, Egypt ????
Ancient Egypt: Life & Death in the Valley of the Kings: Life;Tomb of Pharaoh Tutankhamun (Full Episode) | Lost Treasures of Egypt | National Geographic
Valley of the Kings | Ancient Egypt | History Made Easy;Ancient Egypt 10: Valley of the Kings - Luxor, Egypt
The New Kingdom: The Golden Age Of Ancient Egypt | Immortal Egypt | Real History ;Ancient Egypt: Life & Death in the Valley of the Kings: Death
The History Of Egypt's Valley Of The Kings Explained;Tutankhamun's Treasures (Full Episode) | Lost Treasures of Egypt
Unveiling the Secrets of the Valley of the Kings: Ancient Egypt's Most Fascinating Tombs;Ancient Egypt's Royal Secrets Revealed | Lost Treasures of Egypt | MEGA EPISODE | Nat Geo
THE VALLEY OF THE KINGS - INSIDE THE 19TH DYNASTY PHARAOHS TOMBS! LUXOR EGYPT;Top 10 Treasures Of Egypt | History Documentary | Channel 5 #AncientHistory
Tomb of Pharaoh Tutankhamun (Full Episode) | Lost Treasures of Egypt | National Geographic;Tutankhamun: The Greatest Archaeological Discovery of All Time
Giza Pyramids Built Before the Younger Dryas | Evidence That Changes History;The Deadly Curse of the Valley of the Kings – Ancient Egypt’s Darkest Secret
Legends of the Pharaohs | Episode 3: Amenhotep III, The Great Builder | FD Ancient History;Dan Snow's Tutankhamun: A Century of Discovery | Best History Documentaries
What Was Everyday Life Like In Ancient Egypt? | In The Valley Of The Kings | Real History;INSIDE THE TOMBS OF EGYPTIAN PHARAOHS | Secrets of Ancient Egypt | History
The Deadly Curse of the Valley of the Kings – Ancient Egypt’s Darkest Secret ;Secrets of the Pharaohs | Lost Treasures of Egypt | MEGA EPISODE | National Geographic
The Entire History Of Ancient Egyptian Civilization With Joann Fletcher;Valley Of The Kings The Lost Tombs
Dan Snow's Tutankhamun: A Century of Discovery | Best History Documentaries;TRUE Ghost Stories - Egypt’s Valley Of The Kings
Valley of the Kings, Egypt Explained;Unveiling the Secrets of the Valley of the Kings: Ancient Egypt's Most Fascinating Tombs
Valley Of The Kings The Lost Tombs;The Entire History Of Ancient Egyptian Civilization With Joann Fletcher
Egypt Opens One of Valley of the Kings' Largest Tombs to Public | World Of Africa;Ancient Aliens: The Great Egyptian Pharaohs and Gods
The Invention of Aspirin | STUFF YOU MISSED IN HISTORY CLASS;How aspirin was discovered - Krishna Sudhir
The Origin of Aspirin: From Willow Bark to the Pharmacy Shelf;The Origin of Aspirin: From Willow Bark to the Pharmacy Shelf
Aspirin : The World's Most Interesting Drug;How Aspirin Changed Medicine Forever
History of Aspirin | THE MIRACLE DRUG???;Aspirin : The World's Most Interesting Drug
Reevaluating a Daily Low-Dose Of Aspirin: Is it Right for You? | Oz Health;The Science and History of Aspirin
Aspirin history;Aspirin (Acetylsalicylic Acid)
The Truth About Aspirin: Who Really Deserves the Credit? ;Aspirin history
Aspirin Felix Hoffmann's Revolutionary #science #einsteingenius #scientist;Origins of Aspirin | How It Became a Household Name
History of Aspirin!;The Chemistry and History of Aspirin
The Science and History of Aspirin;The History of Aspirin by Nathan Hart
The History of Aspirin (Capstone: 1134);Aspirin: The History, Chemistry, and Benefits of This Miracle Drug
Aspirin | History and Development;The HIDDEN History of Bayer Aspirin! ?? #Bayer
LGC Mikromol Pharmaceutical Roots podcast: The Origins of Aspirin;The History of Aspirin: Did you know?
A SHORT HISTORY OF ASPIRIN: THE MIRICLE DRUG;A SHORT HISTORY OF ASPIRIN: THE MIRICLE DRUG
The History of Aspirin: Did you know?;Aspirin's Amazing History: The Miracle Drug That Changed the World (Part 1)
Aspirin (Acetylsalicylic Acid);The Invention of Aspirin | STUFF YOU MISSED IN HISTORY CLASS
The Fascinating History of Aspirin;"Dr. Fraser Mustard: ""Work on platelets and aspirin"", FCIHR Video History of Medicine in Canada"
Aspirin: The History, Chemistry, and Benefits of This Miracle Drug;"Lecture ""Aspirin: history, uses, quality control"", Bukovinian State Medical University"
Aspirin discovery in depth;The History of Aspirin
Shocking And Unknown History Of Aspirin Drug || Corona Medicine || Planet Leaf;History of Aspirin | THE MIRACLE DRUG???
History of aspirin Top # 11 Facts;Bayer Aspirin History
The Chemistry and History of Aspirin;Aspirin: History to Modern Applications, Uses, Considerations and Research On Progress
[Today in History] 6 March 1899 – Bayer Registers “Aspirin” as a Trademark;History of aspirin - Wikipedia Article Audio
The link between low-dose aspirin and stroke risk;Aspirin May Be a Suitable Prophylaxis for Patients with a History of VTE Undergoing TJA
Part 2: Aspirin Use to Prevent Cardiovascular Disease #shorts;Aspirin | History and Development
The History of Aspirin;The Fascinating History of Aspirin
"Dr. Fraser Mustard: ""Work on platelets and aspirin"", FCIHR Video History of Medicine in Canada";History of Aspirin!
How Aspirin Changed Medicine Forever;[Today in History] 6 March 1899 – Bayer Registers “Aspirin” as a Trademark
This Day In History March 6th: Bayer Patents Aspirin;Aspirin may prevent or delay the onset of preeclampsia
"Lecture ""Aspirin: history, uses, quality control"", Bukovinian State Medical University";This Day In History March 6th: Bayer Patents Aspirin
Aspirin's Amazing History: The Miracle Drug That Changed the World (Part 1) ;CIC305 Intro to History of Aspirin
The History of Aspirin by Nathan Hart;The History of Aspirin (Capstone: 1134)
The HIDDEN History of Bayer Aspirin! ?? #Bayer;Reevaluating a Daily Low-Dose Of Aspirin: Is it Right for You? | Oz Health
Bayer Aspirin History;History of Aspirin
BBC connections on history of synthetic aspirin;Toby Knichel - Synthesis and History of Aspirin
CIC305 Intro to History of Aspirin;How It All Began: The Dark Story of Bayer
Daily Aspirin - Should You Take It? Cardiologist Update;History of aspirin(improve your international G.K)
How aspirin was discovered - Krishna Sudhir;BBC connections on history of synthetic aspirin
History of aspirin - Wikipedia Article Audio;The History of Aspirin - By Natalia, Charis & Gung Deva
Aspirin: History to Modern Applications, Uses, Considerations and Research On Progress;History Of Aspirin | Global Encyclopedia | #HistoryOfAspirin
History of the Scottish flag in 2 minutes or less;What Happened to the Old Scottish Flag?
What Happened to the Old Scottish Flag?;I Bet You Never Knew This About the Scottish Flag
The Origin of the Scottish Flag/Saltire;The Origin of the Scottish Flag/Saltire
The Legend of Scotland Flag;The History of the Scottish Flag
How Scottish Independence Could Cause Huge Changes In National Flags;The Complete History of Scotland’s Flag — The Saltire
Birthplace of the Scottish Flag | Scottish History;The Flags of Scotland
Scottish Flag - Everything You Need To Know About Scotland;Birthplace of the Scottish Flag | Scottish History
Stories of Scottish, Irish and Welsh Symbols;Scotland Explained ?? | National Flag, Emblem & Heritage
Why Scotland's New Flags Are So Important;Meaning of the Scottish Flag (Saltire) – Quick Facts about Scotland
The Complete History of Scotland’s Flag — The Saltire;Scottish Flag - Everything You Need To Know About Scotland
Why Was The Scottish Flag Changed?;Scotland Culture | Fun Facts About Scotland
The two flags of Scotland!;St Andrew's Day | The story of Saint Andrew and other Scottish symbols | English for kids
Traditional Scottish Symbols and National Items of Scotland with Foreign Origin;The National Symbols of Scotland
The Story of the Scottish Flag The Saltire | Scotland's History;The Animated History of Scotland
The Cross of St Andrew the Symbol of Scotland's Freedom;Origins of the Flag of Scotland
The Flags of Scotland;The Cross of St Andrew the Symbol of Scotland's Freedom
Ancient Origins of the Scottish Flag: The Story of the Saltire;The Story of the Scottish Flag The Saltire | Scotland's History
The History of the Union Flag!;The History of the Union Flag!
Scotland - Any blue shade flag;The Fairy Flag of Dunvegan: The MacLeods History of Magic (Scottish Folklore)
The History of Northern Ireland’s Flag — The Ulster Banner & St Patrick’s Cross;"Athelstaneford ""Birthplace of Scotland's Flag"""
Scotland - Geography, Culture and Economy;History of Scotland with Flags: Every Year (429-2025)
The Origins of Scotlands Flags - The St Andrews Cross & Lion Rampant;History of the Scottish flag in 2 minutes or less
Jamaica and Scotland's hidden history;The Origins of Scotlands Flags - The St Andrews Cross & Lion Rampant
Why are St George's Cross and Union flags dividing opinion? ;How did a twisted method of execution become our national flag?
History of Scotland with Flags: Every Year (429-2025);Why Scotland's New Flags Are So Important
The Fairy Flag of Dunvegan: The MacLeods History of Magic (Scottish Folklore);Scotland - Any blue shade flag
The Animated History of Scotland;Stories of Scottish, Irish and Welsh Symbols
The History of the Scottish Flag;The birth of a flag
Scotland: 10 Interesting Facts about Country’s History and Customs;Meaning of United Kingdom Flag
What Does the British Flag Mean?;How Scottish Independence Could Cause Huge Changes In National Flags
"Athelstaneford ""Birthplace of Scotland's Flag""";What Does the British Flag Mean?
Origins of the Flag of Scotland;Ancient Origins of the Scottish Flag: The Story of the Saltire
Meaning of the Scottish Flag (Saltire) – Quick Facts about Scotland;The two flags of Scotland!
The birth of a flag;Traditional Scottish Symbols and National Items of Scotland with Foreign Origin
Scotland: Flags and Landmarks;Scottish Flag - Everything You Need To Know About Scotland
The Origin & Meaning of 13 Scottish Clan Surnames…;The Legend of Scotland Flag
Flag Of Scotland;Why Was The Scottish Flag Changed?
I Bet You Never Knew This About the Scottish Flag;AMERICANS REACT TO THE MEANING OF THE BRITISH FLAG, WASN'T EXPECTING THIS!
How did a twisted method of execution become our national flag? ;The Origin & Meaning of 13 Scottish Clan Surnames…
National Symbols of Scotland ??????????????| Flag, Emblem, Anthem & More | #scotland;Jamaica and Scotland's hidden history
Andrew Scheer surprises town hall attendees with response to 'Pizzagate' conspiracy theory question;A Rabbit Hole Of Insanity- The Pizzagate Conspiracy Explained
Pizzagate conspiracy theory | Rick Spence and Lex Fridman;Pizzagate conspiracy theory
Pizzagate conspiracy theory;Pizzagate conspiracy theory | Rick Spence and Lex Fridman
Hillary Clinton Addresses The Pizzagate Hoax;The Dark Secrets Behind Why Celebs Say 'PIZZA' ?? PIZZAGATE EXPLAINED ??
"""Pizzagate"" suspect charged after allegedly firing shot in D.C. restaurant";Is the PIZZAGATE Conspiracy Real? The SHOCKING Truth!
?? Pizzagate EXPOSED: The Internet Conspiracy That Led to Real-World Danger!;The Origins of the #PIZZAGATE Conspiracy Theory
Pizzagate: Are Democrats Harvesting Children’s Blood? - Jordan Klepper Fingers the Conspiracy;Has The PizzaGate Conspiracy Theory Been Debunked? - Moments That Shocked Us
Elon Musk Vs Media Matters: Why Musk Is Boosting Pizzagate Conspiracy Theory? | Elon Musk;?? Pizzagate EXPOSED: The Internet Conspiracy That Led to Real-World Danger!
THE MYSTERIES OF THE PIZZAGATE CONSPIRACY;Pizzagate: The Conspiracy That Shocked the World????| Off The Record With Athul Podcast
Has The PizzaGate Conspiracy Theory Been Debunked? - Moments That Shocked Us;Pizzagate: Are Democrats Harvesting Children’s Blood? - Jordan Klepper Fingers the Conspiracy
Andrew Scheer says he didn't hear full question on 'pizzagate' conspiracy;Pizzagate
Trump hosts event featuring QAnon, ‘Pizzagate’ conspiracy theorist at Mar-a-Lago;What Really Happened in Pizzagate? The Full Story Finally Revealed! Conspiracy Stories
Elon Musk Endorses Psychotic Pizzagate Conspiracy | The Kyle Kulinski Show;Pizzagate: Are Democrats Harvesting Children’s Blood? - Jordan Klepper Fingers the Conspiracy
What Really Happened in Pizzagate? The Full Story Finally Revealed! Conspiracy Stories;How did 'pizza gate' inspire violence?
Pizzagate;The Most INSANE Pizzagate Theory EVER
Pizzagate: Are Democrats Harvesting Children’s Blood? - Jordan Klepper Fingers the Conspiracy;The True Story Behind the Pizzagate Conspiracy!
Elon Musk Bizarrely Tweets About Pizzagate, Then Deletes Post: Robby & Brie REACT;SECRETS IN AMERICA #2: The real story of Pizzagate
"Scheer on 'pizzagate': ""A ridiculous conspiracy theory""";Michael Malice: “Pizzagate Aged Far Better Than Russiagate.”
What Is The Pizzagate Conspiracy? - Inside the Supernatural;Andrew Scheer surprises town hall attendees with response to 'Pizzagate' conspiracy theory question
Man who pled guilty amid ‘Pizzagate’ conspiracy shot, killed by police in Kannapolis;Witnesses recount 'pizza gate' experience
Why Alex Jones Is SOOO SORRY About Pizzagate;Raw: 'Pizzagate' suspect records message to his family on way to DC
The Most INSANE Pizzagate Theory EVER;What Is The Definition Of The PizzaGate Conspiracy Theory In Simple Terms? - Moments That Shocked Us
I Was Reprimanded for Talking About Pizzagate;"""Pizzagate"" Isn't Going Away"
IS PIZZAGATE FAKE NEWS? | Tim Black on The Michael Trimm Show;Pizzagate: Unraveling the Controversial Conspiracy
Conspiracy Theorists Run 'Pizzagate'-Style Campaign Against Small Businesses | Craig Melvin | MSNBC;Pizzagate Watch Along - SF591
The Origins of the #PIZZAGATE Conspiracy Theory;Exclusive Trailer Debut: THE PIZZAGATE MASSACRE
Conspiracy Theories and Fake News from JFK to Pizzagate | Retro Report;A Definitive Guide To Pizza & Gates Pt.1
The Dark Secrets Behind Why Celebs Say 'PIZZA' ?? PIZZAGATE EXPLAINED ??;"Scheer on 'pizzagate': ""A ridiculous conspiracy theory"""
'Pizzagate' gunman killed by police in North Carolina;Hillary Clinton Addresses The Pizzagate Hoax
Pizzagate Is An Alt-Right Fever Dream;"""Pizzagate"" suspect charged after allegedly firing shot in D.C. restaurant"
Witnesses recount 'pizza gate' experience;Conspiracy Theories and Fake News from JFK to Pizzagate | Retro Report
Pizzagate: The Conspiracy That Shocked the World????| Off The Record With Athul Podcast;Pizzagate: Conspiracy Theories Can Get People Killed
The True Story Behind the Pizzagate Conspiracy!;Conspiracy Theorists Run 'Pizzagate'-Style Campaign Against Small Businesses | Craig Melvin | MSNBC
Pizzagate Watch Along - SF591;The Celebrity Conspiracy Theory Iceberg - Explained
Pizzagate: Conspiracy Theories Can Get People Killed;Elon Musk Bizarrely Tweets About Pizzagate, Then Deletes Post: Robby & Brie REACT
RNC asks ‘pizzagate’ conspiracy theorist to train poll watchers ;Pizzagate Is An Alt-Right Fever Dream
Elon Musk deletes meme with Pizzagate misinformation | VERIFY;What Is The Pizzagate Conspiracy? - Inside the Supernatural
A Rabbit Hole Of Insanity- The Pizzagate Conspiracy Explained;Trump hosts event featuring QAnon, ‘Pizzagate’ conspiracy theorist at Mar-a-Lago
"""Pizzagate"" Isn't Going Away";CONSPIRACY | contrapoints
What Is The Definition Of The PizzaGate Conspiracy Theory In Simple Terms? - Moments That Shocked Us;Joe Rogan Experience #2284 - Ian Carroll
Psychological Tricks of Taj Mahal - This is why YOU LOVE this! ;Is this the most beautiful building in the world? - Stephanie Honchell Smith
Is this the most beautiful building in the world? - Stephanie Honchell Smith;The Taj Mahal - Masterpiece Of Engineering
TAJ MAHAL | ARCHITECTURE | HISTORY | STORY | by ZERO ;TAJ MAHAL | ARCHITECTURE | HISTORY | STORY | by ZERO
Taj Mahal The Story Behind Its Design;The Taj Mahal - Architecture of a Love Story
History of Architecture Taj Mahal;Secrets of the Taj Mahal - National Geographic
Seen the Taj Mahal 100 Times?But Do You Know What Makes It So Interesting Architecturally? #tajmahal;Seen the Taj Mahal 100 Times?But Do You Know What Makes It So Interesting Architecturally? #tajmahal
The Taj Mahal: India's Mughal Masterpiece;Hidden Secrets of Taj Mahal
Grand Structures – Taj Mahal;Step Inside the Taj Mahal and See Its Beautiful Interior | Taj Mahal Inside Views | Gingerline Media
The Taj Mahal- Architecture of Love;How Descendants Of Taj Mahal Artisans Are Keeping Marble Inlay Work Alive | Still Standing
Why Taj Mahal is One of the 7 wonder's? | Architectural View | Documentary | rdo;Why Taj Mahal is One of the 7 wonder's? | Architectural View | Documentary | rdo
Hidden Secrets of Taj Mahal - What’s Behind the Locked Doors of Taj Mahal?;TAJ MAHAL (Agra, India): full tour
Unveiling the Beauty of the Taj Mahal: An Architectural Marvel #tajmahal #india ;Hidden Secrets Of The Taj Mahal
Taj Mahal Travel Guide 2025 | History, Architecture | Explore India’s Iconic Wonder;Psychological Tricks of Taj Mahal - This is why YOU LOVE this!
Taj Mahal | History And architectural Facts |;How Was the Taj Mahal Built in c. 1632? | Daily Life of the Mughal Artisans
TAJ MAHAL (Agra, India): full tour;Is Taj Mahal a Temple? | The Mystery Explained by Dhruv Rathee
The Taj Mahal - Architecture of a Love Story;The Mathematics of Taj Mahal | Learn With BYJU'S
TAJ MAHAL History | Shah Jahan And Mumtaz Begam;The Taj Mahal: India's Mughal Masterpiece
History of the Taj Mahal;Taj Mahal | History And architectural Facts |
Taj Mahal : Ancient Indian Architecture Mastery | NATA, JEE Mains, JEE AAT;Taj Mahal: A Lesson in Love, Architecture, and History
Taj Mahal History, A Monument of Love or Mystery | @Beyondancientwalls;TAJ MAHAL FOUNDATION
?? Taj Mahal in Agra: How the World’s Greatest Love Monument Was Made ?????;AI-Powered Journey: The Making of the Taj Mahal
Before Taj there was 'Baby Taj' - The story of Noor Jahan’s architectural jewel.;Before Taj there was 'Baby Taj' - The story of Noor Jahan’s architectural jewel.
Taj Mahal: Secrets, Myths, and the True Construction Story | History9;Secret UNDERGROUND Zone of Taj Mahal - What's inside?
Why Was the Taj Mahal Really Built?;India's Architecture | TAJ MAHAL!
WATCH: Trump and first lady visit Taj Mahal during India visit;The Taj Mahal- Architecture of Love
Hidden Secrets Of The Taj Mahal;TAJ MAHAL, AGRA FORT & BABY TAJ: inside, architecture, history - vlog 20
The Mathematics of Taj Mahal | Learn With BYJU'S;Taj Mahal: A Symbol of Love and Architectural Genius by Shah Jahan
Secrets of the Taj Mahal - National Geographic;Taj mahal ?? symbol of love
Taj Mahal - 7 Wonders of the world - Indian Architecture;WATCH: Trump and first lady visit Taj Mahal during India visit
TAJ MAHAL, AGRA FORT & BABY TAJ: inside, architecture, history - vlog 20;TAJ MAHAL Interior design 4K UHD 2160p 4320x2160
Taj Mahal: A Lesson in Love, Architecture, and History;Unveiling the Beauty of the Taj Mahal: An Architectural Marvel #tajmahal #india
Hidden Secrets of Taj Mahal;Taj Mahal: Secrets, Myths, and the True Construction Story | History9
Step Inside the Taj Mahal and See Its Beautiful Interior | Taj Mahal Inside Views | Gingerline Media;Taj Mahal The Story Behind Its Design
Taj mahal ?? symbol of love ;Hidden Secrets of Taj Mahal - What’s Behind the Locked Doors of Taj Mahal?
Taj Mahal: A Symbol of Love and Architectural Genius by Shah Jahan;History of Taj Mahal-The Epitome of Excellence - [Hindi] - Infinity Stream
The Taj Mahal – A Timeless Love Story and Masterpiece of India ;Grand Structures – Taj Mahal
Taj Mahal in India at bank of Yamuna River Agra | Architect Ustad Ahmad Lahauri.|;Why Taj Mahal Quartzite is the Best Choice for Your Home
The Taj Mahal - Masterpiece Of Engineering;TAJ MAHAL - AGRA, INDIA - Mughal Architecture at its Best
India's Architecture | TAJ MAHAL!;History of the Taj Mahal
Is Taj Mahal a Temple? | The Mystery Explained by Dhruv Rathee ;Taj Mahal - 7 Wonders of the world - Indian Architecture
World's biggest dam: China's engineering masterpiece or environment disaster? | 60 Minutes Australia;Building the world's largest (and most controversial) power plant - Alex Gendler
Three Gorges Dam opens three discharging outlets to ease flood control pressure;Three Gorges Dam opens three discharging outlets to ease flood control pressure
Three Gorges Dam: The World's Most Powerful Dam;Three Gorges Dam: The World's Most Powerful Dam
Video Simulation after 3 Gorges Dam Collapse;The Dam That Could End Civilization: Three Gorges Dam
?? Three Gorges Dam Opens 11 Gates – Collapse Threat Rises, Floods Ravage Downstream!;The Three Gorges Dam: The Most Important Strategic Target in the World
The Dam That Could End Civilization: Three Gorges Dam;What Would Happen if the Three Gorges Dam Failed?
The Three Gorges Dam: The Most Important Strategic Target in the World;Massive Earthquake Hits Three Gorges Dam triggering Collapse Fears | China Floods Latest News Today
Three Gorges Dam Nightmare: Beijing Submerged by Secret Midnight Deluge, Truth Buried;A tour of the Three Gorges Dam
The Three Gorges on the Yangtze River;Gen Z Wants To Blow Up China's Biggest Dam
What Would Happen if the Three Gorges Dam Failed?;Building the World's Most Powerful Dam That Sets Global Energy Records | Blueprint
The Cracking Three Gorges Dam Man-Made Disaster, Hidden Truths, and China’s Collapse;World's biggest dam: China's engineering masterpiece or environment disaster? | 60 Minutes Australia
Is The Three Gorges Dam A Ticking Time Bomb for 400 Million People ?;China’s $31 BILLION Three Gorges Dam Is COLLAPSING!
Three Gorges Dam ? Incident ? Sep 22 2025 China Latest information;China: Three Gorges Dam Might Be Slowing Earth's Spin | WION Fineprint
Gen Z Wants To Blow Up China's Biggest Dam;Mega Dams – Hydroelectric Evolution – Big Bigger Biggest
3 Gorges Dam with InSAR Satellite Data;The Three Gorges Dam and its potential catastrophic impact on the planet
Mega Dams – Hydroelectric Evolution – Big Bigger Biggest;China's largest megaproject - The Three Gorges
China's Three Gorges Dam: the disaster project | Revisited • FRANCE 24 English;Three Gorges Dam: The Largest Dam in the World
The $75 Billion Three Gorges Dam Has Failed – The World’s Largest “Tofu-Dreg” Construction Exposed;The $75 Billion Three Gorges Dam Has Failed – The World’s Largest “Tofu-Dreg” Construction Exposed
Three Gorges Dam on the Edge: Cities Flooded to Save It;The Three Gorges on the Yangtze River
Three Gorges Dam Nightmare: Cracks Exposed, China on Edge!;China's Three Gorges Dam: the disaster project | Revisited • FRANCE 24 English
Three Gorges Dam ? Serious Problem ? Aug 21 2025 China Latest information;China's Mega Dam 2006 Discovery Channel Documentary - The Best Documentary Ever
Tremors Around the Three Gorges Dam — Many Cracks Make Scientists Worried;?? Three Gorges Dam Opens 11 Gates – Collapse Threat Rises, Floods Ravage Downstream!
Three Gorges Dam Forced to Release Water as Super Typhoons, Floods, and Landslides Devastate China.;The Cracking Three Gorges Dam Man-Made Disaster, Hidden Truths, and China’s Collapse
Three Gorges Dam | History, Facts, Capacity, Map and Controversy of The World's Most Powerful Dam;Three Gorges Dam | How the World’s Largest Dam Was Built
China’s Three Gorges Dam Nightmare: Cracks Reveal a Looming Disaster!;Three Gorges Dam | History, Facts, Capacity, Map and Controversy of The World's Most Powerful Dam
The Three Gorges Dam and its potential catastrophic impact on the planet;The Corruption Behind China's Three Gorges Dam Exposed (1999)
The Three Gorges Dam – A Ticking Water Bomb? Nature’s Fury — or a Man-Made Disaster?;China’s Three Gorges Dam Nightmare: Cracks Reveal a Looming Disaster!
Building the World's Most Powerful Dam That Sets Global Energy Records | Blueprint;Three Gorges Dam ? Unstoppable Flood ? Sep 30 2025 China Latest information
Three Gorges Dam Cracking? Floodgates Open, Millions at Risk;Three Gorges Dam on the Edge: Cities Flooded to Save It
Three Gorges Dam ? Unstoppable Flood ? Sep 30 2025 China Latest information;$28.3 Billion USD Three Gorges Dam Has Failed | Tofu Dreg Construction Quality |Drought & Flood (2)
China’s $31 BILLION Three Gorges Dam Is COLLAPSING!;Three Gorges Dam ? Dangerous ? Oct 7 2025 China Latest information
Top 7 Most Dangerous Dams in the World | Three gorges dam;The Three Gorges Dam On The Yangtze River China
A tour of the Three Gorges Dam;3 Gorges Dam with InSAR Satellite Data
China: Three Gorges Dam Might Be Slowing Earth's Spin | WION Fineprint;World’s largest ‘ship lift’ in the Three Gorges Dam
Three Gorges Dam Releases Floodwaters – Cities Underwater Across China;The Three Gorges Dam – A Ticking Water Bomb? Nature’s Fury — or a Man-Made Disaster?
World’s largest ‘ship lift’ in the Three Gorges Dam;The Three Gorges Dam Nightmare Arrives, as the Yangtze Floods Sichuan With 1,000 West Lake Volume
Cracks Exposed in Three Gorges Dam—China’s Greatest Risk Yet;Is The Three Gorges Dam A Ticking Time Bomb for 400 Million People ?
Building the world's largest (and most controversial) power plant - Alex Gendler;Cracks in China’s Three Gorges Dam – A Catastrophe Waiting to Happen?
The Three Gorges Dam Nightmare Arrives, as the Yangtze Floods Sichuan With 1,000 West Lake Volume;If the 3 Gorges Dam Collapses, it Will Be CATASTROPHIC
Three Gorges Dam ? Dangerous ? Oct 7 2025 China Latest information;Three Gorges Dam Tested as China Floods Worsen
